Suite/Test/Step Name,Browser,Description,Tag,Start time,End time,Duration,Status
CURA_TestSuite_Login_logout,Firefox 121.0,,,07-02-2024 22:23:44,07-02-2024 22:25:55,2m - 10.716s,FAILED
,,,,,,,
Test Cases/TC_Cura_Login_Vailadating_002,Firefox 121.0,,,07-02-2024 22:23:45,07-02-2024 22:24:01,16.065s,PASSED
"openBrowser("""")",Firefox 121.0,,,07-02-2024 22:23:45,07-02-2024 22:23:50,5.033s,PASSED
"navigateToUrl(""https://katalon-demo-cura.herokuapp.com/"")",Firefox 121.0,,,07-02-2024 22:23:50,07-02-2024 22:23:55,4.789s,PASSED
"click(findTestObject(""Object Repository/CURA_LOGIN_OR/Page_CURA Healthcare Service/a_Make Appointment""))",Firefox 121.0,,,07-02-2024 22:23:55,07-02-2024 22:23:56,1.122s,PASSED
"setText(findTestObject(""Object Repository/CURA_LOGIN_OR/Page_CURA Healthcare Service/input_username""), Uname)",Firefox 121.0,,,07-02-2024 22:23:56,07-02-2024 22:23:57,0.876s,PASSED
"setEncryptedText(findTestObject(""Object Repository/CURA_LOGIN_OR/Page_CURA Healthcare Service/input_password""), Pasword)",Firefox 121.0,,,07-02-2024 22:23:57,07-02-2024 22:23:57,0.375s,PASSED
"click(findTestObject(""Object Repository/CURA_LOGIN_OR/Page_CURA Healthcare Service/button_Login""))",Firefox 121.0,,,07-02-2024 22:23:57,07-02-2024 22:23:59,1.574s,PASSED
"verifyElementPresent(findTestObject(""Object Repository/CURA_LOGIN_OR/Page_CURA Healthcare Service/h2_Make Appointment""), 0)",Firefox 121.0,,,07-02-2024 22:23:59,07-02-2024 22:23:59,0.516s,PASSED
closeBrowser(),Firefox 121.0,,,07-02-2024 22:23:59,07-02-2024 22:24:01,1.334s,PASSED
,,,,,,,
Test Cases/TC_Cura_Login_Vailadating_002,Firefox 121.0,,,07-02-2024 22:24:01,07-02-2024 22:24:53,52.683s,FAILED
"openBrowser("""")",Firefox 121.0,,,07-02-2024 22:24:01,07-02-2024 22:24:05,4.266s,PASSED
"navigateToUrl(""https://katalon-demo-cura.herokuapp.com/"")",Firefox 121.0,,,07-02-2024 22:24:05,07-02-2024 22:24:12,7.030s,PASSED
"click(findTestObject(""Object Repository/CURA_LOGIN_OR/Page_CURA Healthcare Service/a_Make Appointment""))",Firefox 121.0,,,07-02-2024 22:24:12,07-02-2024 22:24:17,5.118s,PASSED
"setText(findTestObject(""Object Repository/CURA_LOGIN_OR/Page_CURA Healthcare Service/input_username""), Uname)",Firefox 121.0,,,07-02-2024 22:24:17,07-02-2024 22:24:18,0.627s,PASSED
"setEncryptedText(findTestObject(""Object Repository/CURA_LOGIN_OR/Page_CURA Healthcare Service/input_password""), Pasword)",Firefox 121.0,,,07-02-2024 22:24:18,07-02-2024 22:24:18,0.310s,PASSED
"click(findTestObject(""Object Repository/CURA_LOGIN_OR/Page_CURA Healthcare Service/button_Login""))",Firefox 121.0,,,07-02-2024 22:24:18,07-02-2024 22:24:22,4.035s,PASSED
"verifyElementPresent(findTestObject(""Object Repository/CURA_LOGIN_OR/Page_CURA Healthcare Service/h2_Make Appointment""), 0)",Firefox 121.0,,,07-02-2024 22:24:22,07-02-2024 22:24:53,31.258s,FAILED
,,,,,,,
Test Cases/TC_Cura_Login_Vailadating_002,Firefox 121.0,,,07-02-2024 22:24:53,07-02-2024 22:25:37,43.965s,FAILED
"openBrowser("""")",Firefox 121.0,,,07-02-2024 22:24:53,07-02-2024 22:24:59,5.305s,PASSED
"navigateToUrl(""https://katalon-demo-cura.herokuapp.com/"")",Firefox 121.0,,,07-02-2024 22:24:59,07-02-2024 22:25:03,4.451s,PASSED
"click(findTestObject(""Object Repository/CURA_LOGIN_OR/Page_CURA Healthcare Service/a_Make Appointment""))",Firefox 121.0,,,07-02-2024 22:25:03,07-02-2024 22:25:04,0.890s,PASSED
"setText(findTestObject(""Object Repository/CURA_LOGIN_OR/Page_CURA Healthcare Service/input_username""), Uname)",Firefox 121.0,,,07-02-2024 22:25:04,07-02-2024 22:25:05,0.684s,PASSED
"setEncryptedText(findTestObject(""Object Repository/CURA_LOGIN_OR/Page_CURA Healthcare Service/input_password""), Pasword)",Firefox 121.0,,,07-02-2024 22:25:05,07-02-2024 22:25:05,0.303s,PASSED
"click(findTestObject(""Object Repository/CURA_LOGIN_OR/Page_CURA Healthcare Service/button_Login""))",Firefox 121.0,,,07-02-2024 22:25:05,07-02-2024 22:25:06,1.115s,PASSED
"verifyElementPresent(findTestObject(""Object Repository/CURA_LOGIN_OR/Page_CURA Healthcare Service/h2_Make Appointment""), 0)",Firefox 121.0,,,07-02-2024 22:25:06,07-02-2024 22:25:37,31.184s,FAILED
,,,,,,,
Test Cases/TC_CURA_Logout_module_005,Firefox 121.0,validate logout of cura health care services,,07-02-2024 22:25:37,07-02-2024 22:25:55,17.555s,PASSED
"openBrowser("""")",Firefox 121.0,,,07-02-2024 22:25:37,07-02-2024 22:25:43,5.323s,PASSED
"navigateToUrl(""https://katalon-demo-cura.herokuapp.com/"")",Firefox 121.0,,,07-02-2024 22:25:43,07-02-2024 22:25:48,5.156s,PASSED
"click(findTestObject(""Object Repository/CURA_LOGOUT_OR/Page_CURA Healthcare Service/i_fa fa-bars""))",Firefox 121.0,,,07-02-2024 22:25:48,07-02-2024 22:25:49,0.572s,PASSED
"click(findTestObject(""Object Repository/CURA_LOGOUT_OR/Page_CURA Healthcare Service/a_Login""))",Firefox 121.0,,,07-02-2024 22:25:49,07-02-2024 22:25:49,0.895s,PASSED
"setText(findTestObject(""Object Repository/CURA_LOGOUT_OR/Page_CURA Healthcare Service/input_username""), ""John Doe"")",Firefox 121.0,,,07-02-2024 22:25:49,07-02-2024 22:25:50,0.579s,PASSED
"setEncryptedText(findTestObject(""Object Repository/CURA_LOGOUT_OR/Page_CURA Healthcare Service/input_password""), ""g3/DOGG74jC3Flrr3yH+3D/yKbOqqUNM"")",Firefox 121.0,,,07-02-2024 22:25:50,07-02-2024 22:25:50,0.303s,PASSED
"click(findTestObject(""Object Repository/CURA_LOGOUT_OR/Page_CURA Healthcare Service/button_Login""))",Firefox 121.0,,,07-02-2024 22:25:50,07-02-2024 22:25:51,1.081s,PASSED
"click(findTestObject(""Object Repository/CURA_LOGOUT_OR/Page_CURA Healthcare Service/i_fa fa-bars""))",Firefox 121.0,,,07-02-2024 22:25:51,07-02-2024 22:25:52,0.712s,PASSED
"click(findTestObject(""Object Repository/CURA_LOGOUT_OR/Page_CURA Healthcare Service/a_Logout""))",Firefox 121.0,,,07-02-2024 22:25:52,07-02-2024 22:25:53,1.090s,PASSED
"verifyElementPresent(findTestObject(""Object Repository/CURA_LOGOUT_OR/Page_CURA Healthcare Service/h1_CURA Healthcare Service""), 0)",Firefox 121.0,,,07-02-2024 22:25:53,07-02-2024 22:25:54,0.498s,PASSED
closeBrowser(),Firefox 121.0,,,07-02-2024 22:25:54,07-02-2024 22:25:55,1.255s,PASSED
