Suite/Test/Step Name,Browser,Description,Tag,Start time,End time,Duration,Status
CURA_TestSuite_Login_logout,Firefox 121.0,,,07-02-2024 22:18:04,07-02-2024 22:19:34,1m - 30.846s,FAILED
,,,,,,,
Test Cases/TC_Cura_Login_Vailadating_002,Firefox 121.0,,,07-02-2024 22:18:04,07-02-2024 22:18:21,17.320s,PASSED
"openBrowser("""")",Firefox 121.0,,,07-02-2024 22:18:05,07-02-2024 22:18:11,6.911s,PASSED
"navigateToUrl(""https://katalon-demo-cura.herokuapp.com/"")",Firefox 121.0,,,07-02-2024 22:18:11,07-02-2024 22:18:16,4.148s,PASSED
"click(findTestObject(""Object Repository/CURA_LOGIN_OR/Page_CURA Healthcare Service/a_Make Appointment""))",Firefox 121.0,,,07-02-2024 22:18:16,07-02-2024 22:18:17,1.048s,PASSED
"setText(findTestObject(""Object Repository/CURA_LOGIN_OR/Page_CURA Healthcare Service/input_username""), Uname)",Firefox 121.0,,,07-02-2024 22:18:17,07-02-2024 22:18:18,0.998s,PASSED
"setEncryptedText(findTestObject(""Object Repository/CURA_LOGIN_OR/Page_CURA Healthcare Service/input_password""), Pasword)",Firefox 121.0,,,07-02-2024 22:18:18,07-02-2024 22:18:18,0.421s,PASSED
"click(findTestObject(""Object Repository/CURA_LOGIN_OR/Page_CURA Healthcare Service/button_Login""))",Firefox 121.0,,,07-02-2024 22:18:18,07-02-2024 22:18:19,1.239s,PASSED
"verifyElementPresent(findTestObject(""Object Repository/CURA_LOGIN_OR/Page_CURA Healthcare Service/h2_Make Appointment""), 0)",Firefox 121.0,,,07-02-2024 22:18:19,07-02-2024 22:18:20,0.480s,PASSED
closeBrowser(),Firefox 121.0,,,07-02-2024 22:18:20,07-02-2024 22:18:21,1.573s,PASSED
,,,,,,,
Test Cases/TC_Cura_Login_Vailadating_002,Firefox 121.0,,,07-02-2024 22:18:21,07-02-2024 22:19:05,43.734s,FAILED
"openBrowser("""")",Firefox 121.0,,,07-02-2024 22:18:21,07-02-2024 22:18:27,5.087s,PASSED
"navigateToUrl(""https://katalon-demo-cura.herokuapp.com/"")",Firefox 121.0,,,07-02-2024 22:18:27,07-02-2024 22:18:31,4.146s,PASSED
"click(findTestObject(""Object Repository/CURA_LOGIN_OR/Page_CURA Healthcare Service/a_Make Appointment""))",Firefox 121.0,,,07-02-2024 22:18:31,07-02-2024 22:18:32,0.848s,PASSED
"setText(findTestObject(""Object Repository/CURA_LOGIN_OR/Page_CURA Healthcare Service/input_username""), Uname)",Firefox 121.0,,,07-02-2024 22:18:32,07-02-2024 22:18:32,0.710s,PASSED
"setEncryptedText(findTestObject(""Object Repository/CURA_LOGIN_OR/Page_CURA Healthcare Service/input_password""), Pasword)",Firefox 121.0,,,07-02-2024 22:18:32,07-02-2024 22:18:33,0.314s,PASSED
"click(findTestObject(""Object Repository/CURA_LOGIN_OR/Page_CURA Healthcare Service/button_Login""))",Firefox 121.0,,,07-02-2024 22:18:33,07-02-2024 22:18:34,1.208s,PASSED
"verifyElementPresent(findTestObject(""Object Repository/CURA_LOGIN_OR/Page_CURA Healthcare Service/h2_Make Appointment""), 0)",Firefox 121.0,,,07-02-2024 22:18:34,07-02-2024 22:19:05,31.380s,FAILED
,,,,,,,
Test Cases/TC_Cura_Login_Vailadating_002,Firefox 121.0,,,07-02-2024 22:19:05,07-02-2024 22:19:23,18.241s,FAILED
"openBrowser("""")",Firefox 121.0,,,07-02-2024 22:19:05,07-02-2024 22:19:12,6.733s,PASSED
"navigateToUrl(""https://katalon-demo-cura.herokuapp.com/"")",Firefox 121.0,,,07-02-2024 22:19:12,07-02-2024 22:19:23,11.461s,FAILED
,,,,,,,
Test Cases/TC_CURA_Logout_module_005,Firefox 121.0,validate logout of cura health care services,,07-02-2024 22:19:23,07-02-2024 22:19:34,11.050s,FAILED
"openBrowser("""")",Firefox 121.0,,,07-02-2024 22:19:24,07-02-2024 22:19:31,7.626s,PASSED
"navigateToUrl(""https://katalon-demo-cura.herokuapp.com/"")",Firefox 121.0,,,07-02-2024 22:19:31,07-02-2024 22:19:34,3.316s,FAILED
